{
  "accuracy": 0.9671333333333333,
  "precision": 0.9655813953488372,
  "recall": 0.9688,
  "f1": 0.9671880199667221,
  "auc": 0.9957727822222222,
  "eer": 0.03253333333333332,
  "tpr_at_1pct_fpr": 0.9316,
  "tpr_at_0_1pct_fpr": 0.8224,
  "ece": 0.01286881807918355,
  "brier": 0.02359609328804215,
  "tn": 7241,
  "fp": 259,
  "fn": 234,
  "tp": 7266
}