{
  "train_loss": [
    0.5975637494275967,
    0.6237362106581529,
    0.49605252484083173,
    0.42968069616556165,
    0.3871275682846705
  ],
  "val_loss": [
    0.31976909065246584,
    0.15279450511932374,
    0.11571681118011475,
    0.08706103897094726,
    0.08409719371795654
  ],
  "train_auc": [
    0.9306053755555557,
    0.9706776083333333,
    0.9857483555555555,
    0.9933064433333334,
    0.996186216111111
  ],
  "val_auc": [
    0.9670156249999999,
    0.9872211875000001,
    0.9934531875,
    0.9965581875,
    0.9973260312500001
  ],
  "train_acc": [
    0.8523333333333334,
    0.9196166666666666,
    0.9460166666666666,
    0.9645666666666667,
    0.9755333333333334
  ],
  "val_acc": [
    0.88175,
    0.944375,
    0.961,
    0.9735,
    0.973875
  ],
  "train_f1": [
    0.8525692225772098,
    0.919278983748682,
    0.9457263023844233,
    0.9643921883897766,
    0.9754580714190183
  ],
  "val_f1": [
    0.8682451253481894,
    0.9442705072010019,
    0.960204081632653,
    0.973313192346425,
    0.9735006973500697
  ],
  "mean_hardness": [
    0.040369830359101376,
    0.0335774354800679,
    0.02973964028522023,
    0.026799870723691614,
    0.025630288961556894
  ],
  "grl_lambda": [
    0.0,
    0.8482836399575131,
    0.9866142981514305,
    0.9988944427261528,
    0.9999092042625952
  ]
}