{
  "accuracy": 0.9636,
  "precision": 0.9715215622457283,
  "recall": 0.9552,
  "f1": 0.963291649858814,
  "auc": 0.9934912000000001,
  "eer": 0.03786666666666669,
  "tpr_at_1pct_fpr": 0.9173333333333333,
  "tpr_at_0_1pct_fpr": 0.7478666666666667,
  "ece": 0.010652032579792133,
  "brier": 0.03010365425281966,
  "tn": 7290,
  "fp": 210,
  "fn": 336,
  "tp": 7164,
  "split": "unseen_dataset_C",
  "loss": 0.11449948628743489
}