{
  "accuracy": 0.9668,
  "precision": 0.9734920205572085,
  "recall": 0.9597333333333333,
  "f1": 0.9665637169329931,
  "auc": 0.9946790933333334,
  "eer": 0.03353333333333332,
  "tpr_at_1pct_fpr": 0.9221333333333334,
  "tpr_at_0_1pct_fpr": 0.8036,
  "ece": 0.005872545906094197,
  "brier": 0.02652547645710916,
  "tn": 7304,
  "fp": 196,
  "fn": 302,
  "tp": 7198
}